semana,data_referencia,taxa_ptax_venda_brl_por_usd
01,2025-01-03,6.1563
02,2025-01-10,6.0965
03,2025-01-17,6.0609
04,2025-01-24,5.8925
05,2025-01-31,5.8301
06,2025-02-07,5.7557
07,2025-02-14,5.7283
08,2025-02-21,5.7027
09,2025-02-28,5.8488
10,2025-03-07,5.7688
11,2025-03-14,5.7419
12,2025-03-21,5.7241
13,2025-03-28,5.7660
14,2025-04-04,5.7777
15,2025-04-11,5.8737
16,2025-04-17,5.8559
17,2025-04-25,5.6846
18,2025-05-02,5.6394
19,2025-05-09,5.6511
20,2025-05-16,5.6925
21,2025-05-23,5.6932
22,2025-05-30,5.7087
23,2025-06-06,5.5947
24,2025-06-13,5.5652
25,2025-06-20,5.4957
26,2025-06-27,5.4759
27,2025-07-04,5.4090
28,2025-07-11,5.5722
29,2025-07-18,5.5466
30,2025-07-25,5.5426
31,2025-08-01,5.5436
32,2025-08-08,5.4254
33,2025-08-15,5.3928
34,2025-08-22,5.4392
35,2025-08-29,5.4264
36,2025-09-05,5.3968
37,2025-09-12,5.3677
38,2025-09-19,5.3276
39,2025-09-26,5.3445
40,2025-10-03,5.3498
41,2025-10-10,5.4446
42,2025-10-17,5.4390
43,2025-10-24,5.3797
44,2025-10-31,5.3843
45,2025-11-07,5.3567
46,2025-11-14,5.2952
47,2025-11-21,5.3902
48,2025-11-28,5.3338
49,2025-12-05,5.3405
50,2025-12-12,5.4011
51,2025-12-19,5.5160
52,2025-12-26,5.5413
